<?xml version="1.0" encoding="UTF-8"?>
<service id="remoting-service" 
    class="flex.messaging.services.RemotingService">

    <adapters>
        <adapter-definition id="java-object" class="flex.messaging.services.remoting.adapters.JavaAdapter" default="true"/>
    </adapters>

    <default-channels>
        <channel ref="my-amf"/>
    </default-channels>

	<!-- 
		* NOTA:
		mapeado diretamente para as classes DAO,
		como por enquanto não teremos nenhuma regra
		de negócio além do acesso aos dados na base
		de dados, por isso a não implementação da camada
		services (pkg: com.erkobridee.locadora.services )
	 -->

	<destination id="filmeService">
		<properties>
			<source>com.erkobridee.locadora.dao.FilmeDAO</source>
		</properties>
	</destination>

	<destination id="generoService">
		<properties>
			<source>com.erkobridee.locadora.dao.GeneroDAO</source>
		</properties>
	</destination>

</service>